Dataset_Size,Total_Train_Rows,Algorithm,Scenario,Threshold,Accuracy,Precision,Recall,F1,ROC-AUC,Train_Time_Sec
100000,122500,Deep MLP Classifier,Diffusion (t=0.50),0.5,0.7809,0.506,0.4051,0.4499,0.7051,31.58
100000,122500,Deep MLP Classifier,Diffusion (Opt. Thresh),0.22,0.7263,0.4103,0.5431,0.4674,0.7051,31.58
100000,122500,Gradient Boosting,Diffusion (t=0.50),0.5,0.8171,0.6303,0.4183,0.5029,0.7692,1.27
100000,122500,Gradient Boosting,Diffusion (Opt. Thresh),0.27,0.7757,0.4942,0.5877,0.5369,0.7692,1.27
100000,122500,Random Forest,Diffusion (t=0.50),0.5,0.818,0.6413,0.402,0.4943,0.7612,1.6
100000,122500,Random Forest,Diffusion (Opt. Thresh),0.3,0.7888,0.5212,0.5546,0.5374,0.7612,1.6
100000,122500,Logistic Regression,Diffusion (t=0.50),0.5,0.784,0.5243,0.2538,0.342,0.6526,0.23
100000,122500,Logistic Regression,Diffusion (Opt. Thresh),0.36,0.6749,0.3446,0.5208,0.4148,0.6526,0.23
200000,222500,Deep MLP Classifier,Diffusion (t=0.50),0.5,0.7769,0.4952,0.4364,0.464,0.7093,45.05
200000,222500,Deep MLP Classifier,Diffusion (Opt. Thresh),0.33,0.7636,0.4674,0.4931,0.4799,0.7093,45.05
200000,222500,Gradient Boosting,Diffusion (t=0.50),0.5,0.8111,0.6032,0.4262,0.4995,0.7632,1.76
200000,222500,Gradient Boosting,Diffusion (Opt. Thresh),0.3,0.7821,0.507,0.5491,0.5272,0.7632,1.76
200000,222500,Random Forest,Diffusion (t=0.50),0.5,0.8148,0.6193,0.4225,0.5023,0.7576,2.62
200000,222500,Random Forest,Diffusion (Opt. Thresh),0.31,0.784,0.5107,0.5594,0.5339,0.7576,2.62
200000,222500,Logistic Regression,Diffusion (t=0.50),0.5,0.7799,0.5045,0.2694,0.3513,0.6487,0.5
200000,222500,Logistic Regression,Diffusion (Opt. Thresh),0.38,0.6789,0.3447,0.5009,0.4084,0.6487,0.5
300000,322500,Deep MLP Classifier,Diffusion (t=0.50),0.5,0.7603,0.4582,0.4587,0.4584,0.7039,60.33
300000,322500,Deep MLP Classifier,Diffusion (Opt. Thresh),0.3,0.7372,0.4237,0.522,0.4677,0.7039,60.33
300000,322500,Gradient Boosting,Diffusion (t=0.50),0.5,0.8093,0.5945,0.434,0.5017,0.7623,2.27
300000,322500,Gradient Boosting,Diffusion (Opt. Thresh),0.34,0.7911,0.5277,0.5274,0.5276,0.7623,2.27
300000,322500,Random Forest,Diffusion (t=0.50),0.5,0.8125,0.6093,0.425,0.5007,0.7552,3.87
300000,322500,Random Forest,Diffusion (Opt. Thresh),0.31,0.7773,0.4972,0.5817,0.5361,0.7552,3.87
300000,322500,Logistic Regression,Diffusion (t=0.50),0.5,0.7756,0.4871,0.2725,0.3494,0.6468,0.79
300000,322500,Logistic Regression,Diffusion (Opt. Thresh),0.36,0.6345,0.3177,0.5684,0.4076,0.6468,0.79
400000,422500,Deep MLP Classifier,Diffusion (t=0.50),0.5,0.7641,0.4647,0.4364,0.4501,0.7014,64.49
400000,422500,Deep MLP Classifier,Diffusion (Opt. Thresh),0.19,0.7281,0.411,0.5292,0.4627,0.7014,64.49
400000,422500,Gradient Boosting,Diffusion (t=0.50),0.5,0.8087,0.5912,0.4376,0.5029,0.7578,2.67
400000,422500,Gradient Boosting,Diffusion (Opt. Thresh),0.26,0.7567,0.462,0.6088,0.5254,0.7578,2.67
400000,422500,Random Forest,Diffusion (t=0.50),0.5,0.8119,0.6035,0.4358,0.5061,0.7555,5.27
400000,422500,Random Forest,Diffusion (Opt. Thresh),0.31,0.7736,0.4903,0.5961,0.5381,0.7555,5.27
400000,422500,Logistic Regression,Diffusion (t=0.50),0.5,0.7744,0.4826,0.2767,0.3517,0.6469,0.98
400000,422500,Logistic Regression,Diffusion (Opt. Thresh),0.36,0.628,0.3138,0.5744,0.4059,0.6469,0.98
500000,522500,Deep MLP Classifier,Diffusion (t=0.50),0.5,0.7615,0.4564,0.4105,0.4322,0.6987,83.16
500000,522500,Deep MLP Classifier,Diffusion (Opt. Thresh),0.23,0.7347,0.418,0.5087,0.4589,0.6987,83.16
500000,522500,Gradient Boosting,Diffusion (t=0.50),0.5,0.8053,0.5759,0.4551,0.5084,0.7598,3.61
500000,522500,Gradient Boosting,Diffusion (Opt. Thresh),0.25,0.7545,0.4593,0.6184,0.5271,0.7598,3.61
500000,522500,Random Forest,Diffusion (t=0.50),0.5,0.8075,0.5929,0.4135,0.4872,0.7547,6.98
500000,522500,Random Forest,Diffusion (Opt. Thresh),0.37,0.7888,0.5218,0.5401,0.5308,0.7547,6.98
500000,522500,Logistic Regression,Diffusion (t=0.50),0.5,0.7733,0.4791,0.2827,0.3556,0.6463,1.27
500000,522500,Logistic Regression,Diffusion (Opt. Thresh),0.37,0.6412,0.3205,0.5552,0.4064,0.6463,1.27
1000000,1022500,Deep MLP Classifier,Diffusion (t=0.50),0.5,0.7677,0.4694,0.384,0.4224,0.69,115.16
1000000,1022500,Deep MLP Classifier,Diffusion (Opt. Thresh),0.08,0.7208,0.4017,0.5359,0.4592,0.69,115.16
1000000,1022500,Gradient Boosting,Diffusion (t=0.50),0.5,0.7992,0.5539,0.4738,0.5107,0.7556,8.5
1000000,1022500,Gradient Boosting,Diffusion (Opt. Thresh),0.29,0.7577,0.4629,0.5937,0.5202,0.7556,8.5
1000000,1022500,Random Forest,Diffusion (t=0.50),0.5,0.8077,0.5865,0.4436,0.5051,0.7545,15.78
1000000,1022500,Random Forest,Diffusion (Opt. Thresh),0.35,0.7793,0.501,0.5853,0.5399,0.7545,15.78
1000000,1022500,Logistic Regression,Diffusion (t=0.50),0.5,0.7707,0.4697,0.2851,0.3548,0.6454,2.79
1000000,1022500,Logistic Regression,Diffusion (Opt. Thresh),0.37,0.6329,0.3163,0.5678,0.4063,0.6454,2.79
