Algorithm,Scenario,Threshold,Accuracy,Precision,Recall,F1,ROC-AUC
AdaBoost,Corrected (Opt. Thresh),0.51,0.7764,0.4948863636363636,0.5250150693188668,0.5095057034220533,0.7481031130462583
AdaBoost,Corrected (t=0.50),0.5,0.7574666666666666,0.4608993157380254,0.568414707655214,0.5090418353576248,0.7481031130462583
AdaBoost,Leaky (Opt. Thresh),0.43,0.667351480910803,0.625269294132556,0.8415486952072317,0.7174640104696816,0.7725626470738154
AdaBoost,Leaky (t=0.50),0.5,0.7022770073617531,0.7718258490996125,0.5775200409346751,0.6606829268292683,0.7725626470738154
Decision Tree,Corrected (Opt. Thresh),0.5,0.6858666666666666,0.350236355822948,0.4912597950572634,0.40893125940792774,0.6161279739910935
Decision Tree,Corrected (t=0.50),0.5,0.6858666666666666,0.350236355822948,0.4912597950572634,0.40893125940792774,0.6161279739910935
Decision Tree,Leaky (Opt. Thresh),0.5,0.874507789762027,0.8205277737279487,0.959918130649838,0.884766546140544,0.8742055855946853
Decision Tree,Leaky (t=0.50),0.5,0.874507789762027,0.8205277737279487,0.959918130649838,0.884766546140544,0.8742055855946853
Extra Tree,Corrected (Opt. Thresh),0.51,0.6673333333333333,0.33131557707828896,0.4948764315852923,0.3969059705100314,0.6055520004243454
Extra Tree,Corrected (t=0.50),0.5,0.6672,0.33118192819685355,0.4948764315852923,0.39681005316578055,0.6055520004243454
Extra Tree,Leaky (Opt. Thresh),0.5,0.8789590823489128,0.8243184137629392,0.9643527204502814,0.8888539537808521,0.8787733649205112
Extra Tree,Leaky (t=0.50),0.5,0.8789590823489128,0.8243184137629392,0.9643527204502814,0.8888539537808521,0.8787733649205112
Extra Trees,Corrected (Opt. Thresh),0.41000000000000003,0.7449333333333333,0.439581351094196,0.5569620253164557,0.49135868120180803,0.7316527108417261
Extra Trees,Corrected (t=0.50),0.5,0.7774666666666666,0.49681933842239184,0.4707655213984328,0.4834416589291241,0.7316527108417261
Extra Trees,Leaky (Opt. Thresh),0.92,0.9662728984762883,0.9979967219085777,0.9346750810165444,0.9652985731900652,0.983608059689777
Extra Trees,Leaky (t=0.50),0.5,0.9411059750042801,0.9231398201144726,0.9628176701347433,0.9425613624979129,0.983608059689777
Gaussian Naive Bayes,Corrected (Opt. Thresh),0.96,0.7578666666666667,0.4593474883480062,0.5346594333936107,0.49415041782729807,0.7179515757074221
Gaussian Naive Bayes,Corrected (t=0.50),0.5,0.3904,0.2529262086513995,0.8987341772151899,0.3947577442414615,0.7179515757074221
Gaussian Naive Bayes,Leaky (Opt. Thresh),0.63,0.6685499058380414,0.6517299192196312,0.7293194610267781,0.6883451384417257,0.7363701815267125
Gaussian Naive Bayes,Leaky (t=0.50),0.5,0.6180448553329909,0.587094367773219,0.8053897322190006,0.6791313102258019,0.7363701815267125
Gradient Boosting,Corrected (Opt. Thresh),0.55,0.7841333333333333,0.5117647058823529,0.5244122965641953,0.5180113128907413,0.7649228051502241
Gradient Boosting,Corrected (t=0.50),0.5,0.7638666666666667,0.47219463753723934,0.5732368896925859,0.5178328341954805,0.7649228051502241
Gradient Boosting,Leaky (Opt. Thresh),0.36,0.692175997260743,0.6505112202894702,0.8355790550912502,0.7315215768254443,0.7967311673484472
Gradient Boosting,Leaky (t=0.50),0.5,0.7235918507104948,0.7664912990692028,0.6460856216953778,0.7011568718186025,0.7967311673484472
Hist Gradient Boosting,Corrected (Opt. Thresh),0.49,0.762,0.4682139253279516,0.5593731163351416,0.5097500686624554,0.7533075361867466
Hist Gradient Boosting,Corrected (t=0.50),0.5,0.7652,0.47346514047866806,0.5485232067510548,0.5082379223680537,0.7533075361867466
Hist Gradient Boosting,Leaky (Opt. Thresh),0.39,0.756291730868002,0.7138400453771979,0.858604809824322,0.7795586527293844,0.8425689697658311
Hist Gradient Boosting,Leaky (t=0.50),0.5,0.7559493237459339,0.7819168850617746,0.7124339075558588,0.7455600178491745,0.8425689697658311
KNN,Corrected (Opt. Thresh),0.5,0.6618666666666667,0.3460863460863461,0.594333936106088,0.43744454303460517,0.6824549063339023
KNN,Corrected (t=0.50),0.5,0.6618666666666667,0.3460863460863461,0.594333936106088,0.43744454303460517,0.6824549063339023
KNN,Leaky (Opt. Thresh),0.21,0.7254750898818696,0.659500360317079,0.9365512536244244,0.773979843540771,0.8267048779520539
KNN,Leaky (t=0.50),0.5,0.7460195172059579,0.7124413145539906,0.8282449258059014,0.7659910087546337,0.8267048779520539
LDA,Corrected (Opt. Thresh),0.5700000000000001,0.7749333333333334,0.491661874640598,0.515370705244123,0.5032371983519718,0.7153446170824416
LDA,Corrected (t=0.50),0.5,0.6713333333333333,0.36198630136986304,0.6371308016877637,0.46167285433500765,0.7153446170824416
LDA,Leaky (Opt. Thresh),0.28,0.5484506077726417,0.5288291821925868,0.9198362612996759,0.6715646597347612,0.7173242259523953
LDA,Leaky (t=0.50),0.5,0.6696627289847629,0.689413988657845,0.6220365000852806,0.6539944409575899,0.7173242259523953
LightGBM,Corrected (Opt. Thresh),0.5,0.7790666666666667,0.5005720823798627,0.5274261603375527,0.5136483710008806,0.758907874011929
LightGBM,Corrected (t=0.50),0.5,0.7790666666666667,0.5005720823798627,0.5274261603375527,0.5136483710008806,0.758907874011929
LightGBM,Leaky (Opt. Thresh),0.37,0.7499571991097415,0.6998641304347826,0.8785604639263176,0.7790970279059215,0.8446434611080285
LightGBM,Leaky (t=0.50),0.5,0.7597158020886834,0.7852875280059746,0.7173801807948149,0.7497994473660754,0.8446434611080285
Logistic Regression,Corrected (Opt. Thresh),0.6,0.7909333333333334,0.5303131245836109,0.4798071127185051,0.5037974683544304,0.7199130380851042
Logistic Regression,Corrected (t=0.50),0.5,0.6636,0.3572372769332452,0.6515973477998794,0.46147278548559234,0.7199130380851042
Logistic Regression,Leaky (Opt. Thresh),0.32,0.5685670261941448,0.5431025453021892,0.8843595428961283,0.672939649578196,0.7188899942746677
Logistic Regression,Leaky (t=0.50),0.5,0.6681218969354562,0.6818681318681319,0.6349991471942692,0.6575995760840767,0.7188899942746677
MLP Classifier,Corrected (Opt. Thresh),0.59,0.7205333333333334,0.40838574423480084,0.5871006630500302,0.4817012858555885,0.7258009339107816
MLP Classifier,Corrected (t=0.50),0.5,0.6665333333333333,0.3619672131147541,0.6654611211573237,0.468889360798471,0.7258009339107816
MLP Classifier,Leaky (Opt. Thresh),0.4,0.7179421331963705,0.6742671009771987,0.8473477741770424,0.7509636459829189,0.8139177309053953
MLP Classifier,Leaky (t=0.50),0.5,0.7336928608115049,0.7250572456656853,0.7560975609756098,0.7402521499540786,0.8139177309053953
QDA,Corrected (Opt. Thresh),0.99,0.7050666666666666,0.3910988578180386,0.5985533453887885,0.4730824202000953,0.7076744601953784
QDA,Corrected (t=0.50),0.5,0.3572,0.24367704280155641,0.9059674502712477,0.38405519356075124,0.7076744601953784
QDA,Leaky (Opt. Thresh),0.78,0.6655538435199452,0.6455790413813635,0.7397236909432031,0.6894523487799062,0.7236441334161586
QDA,Leaky (t=0.50),0.5,0.5673686012669064,0.541956228606991,0.8911819887429644,0.6740196078431373,0.7236441334161586
Random Forest,Corrected (Opt. Thresh),0.5,0.7841333333333333,0.5123609394313968,0.49969861362266427,0.5059505645407385,0.74122365036332
Random Forest,Corrected (t=0.50),0.5,0.7841333333333333,0.5123609394313968,0.49969861362266427,0.5059505645407385,0.74122365036332
Random Forest,Leaky (Opt. Thresh),0.62,0.9493237459339154,0.9416792357968828,0.9583830803342999,0.9499577345731192,0.9785052799651738
Random Forest,Leaky (t=0.50),0.5,0.9294641328539633,0.8997302871648422,0.9672522599351867,0.9322702613841855,0.9785052799651738
Ridge Classifier,Corrected (Opt. Thresh),0.61,0.7974666666666667,0.5499286733238231,0.46473779385171793,0.5037569421757595,0.7155068425182135
Ridge Classifier,Corrected (t=0.50),0.5,0.6677333333333333,0.3589569928885879,0.6389391199517782,0.45967042497831745,0.7155068425182135
Ridge Classifier,Leaky (Opt. Thresh),0.29,0.5533299092621127,0.5321311148749627,0.910967081698789,0.6718238993710692,0.7173684270536885
Ridge Classifier,Leaky (t=0.50),0.5,0.6678650915939052,0.6829673371470751,0.6312468019785092,0.656089345860663,0.7173684270536885
XGBoost,Corrected (Opt. Thresh),0.42,0.7508,0.4493731918997107,0.5617842073538276,0.4993302973479775,0.7390115228561914
XGBoost,Corrected (t=0.50),0.5,0.7725333333333333,0.4853582554517134,0.4695599758890898,0.47732843137254904,0.7390115228561914
XGBoost,Leaky (Opt. Thresh),0.39,0.8033727101523712,0.7526211391328989,0.9060208084598329,0.8222273817815958,0.8897800546751209
XGBoost,Leaky (t=0.50),0.5,0.8118472864235576,0.8133014190459907,0.8113593723349821,0.8123292349726776,0.8897800546751209
