Algorithm,Paper Recall,Replicated Recall,Diff Recall,Paper F1,Replicated F1,Diff F1,Paper Accuracy,Replicated Accuracy,Diff Accuracy,Paper Precision,Replicated Precision,Paper PR-AUC,Replicated PR-AUC
Gradient Boosting,0.82,0.8212,0.0012,0.8,0.8001,0.0001,0.82,0.8212,0.0012,0.81,0.8046,0.66,0.5535
Random Forest,0.82,0.8186,-0.0014,0.8,0.7964,-0.0036,0.82,0.8186,-0.0014,0.81,0.8012,0.66,0.5568
Decision Tree,0.81,0.8129,0.0029,0.8,0.7935,-0.0065,0.81,0.8129,0.0029,0.8,0.7941,0.66,0.4995
AdaBoost,0.82,0.8182,-0.0018,0.79,0.7922,0.0022,0.82,0.8182,-0.0018,0.81,0.8012,0.64,0.533
LDA,0.81,0.8114,0.0014,0.78,0.7752,-0.0048,0.81,0.8114,0.0014,0.8,0.7947,0.61,0.4997
Logistic Regression,0.78,0.7821,0.0021,0.68,0.6941,0.0141,0.78,0.7821,0.0021,0.61,0.7635,0.5,0.4843
KNN,0.75,0.7543,0.0043,0.71,0.7198,0.0098,0.75,0.7543,0.0043,0.7,0.707,0.54,0.3238
MLP Classifier,0.74,0.7414,0.0014,0.73,0.7165,-0.0135,0.74,0.7414,0.0014,0.72,0.7292,0.59,0.4012
Gaussian Naive Bayes,0.39,0.3804,-0.0096,0.39,0.376,-0.014,0.39,0.3804,-0.0096,0.74,0.738,0.56,0.414
LightGBM,0.79,0.8206,0.0306,0.78,0.7953,0.0153,0.79,0.8206,0.0306,0.77,0.8047,0.63,0.5482
