Feature,Real_Mean,GAN_Mean,Diff_Mean,Real_Std,GAN_Std,Diff_Std,KS_Stat_GAN,Wasserstein_GAN,KS_Stat_Diff,Wasserstein_Diff
LIMIT_BAL,167434.76,123682.55,153101.02,129477.25,116057.02,126802.58,0.2242,43764.42,0.055,16050.44
SEX,1.6,1.67,1.6,0.49,0.47,0.49,0.0619,0.06,0.0089,0.01
EDUCATION,1.85,1.94,1.86,0.8,1.03,0.8,0.0917,0.21,0.0145,0.03
MARRIAGE,1.55,1.6,1.54,0.52,0.59,0.53,0.0478,0.09,0.0061,0.01
AGE,35.41,32.98,35.2,9.18,9.55,9.27,0.1446,2.45,0.0176,0.27
PAY_0,-0.02,0.56,0.24,1.12,2.12,1.25,0.1731,0.75,0.101,0.26
PAY_2,-0.14,0.25,0.1,1.2,2.02,1.33,0.1019,0.55,0.0694,0.24
PAY_3,-0.17,0.36,0.04,1.19,2.27,1.31,0.1423,0.81,0.066,0.21
PAY_4,-0.22,0.43,-0.03,1.16,2.33,1.28,0.1524,0.82,0.0533,0.19
PAY_5,-0.27,0.33,-0.12,1.12,2.29,1.24,0.1486,0.81,0.0463,0.16
PAY_6,-0.29,0.28,-0.15,1.14,2.22,1.21,0.1666,0.79,0.0414,0.15
BILL_AMT1,51069.79,57260.34,51630.77,73426.23,92580.79,79996.54,0.0665,9606.44,0.0105,2254.57
BILL_AMT2,49003.79,69418.62,50165.55,70960.15,110680.16,78297.73,0.1217,21046.35,0.0138,1935.9
BILL_AMT3,46852.55,28172.17,48617.26,68542.11,56243.41,75846.29,0.3641,18682.82,0.0189,2165.3
BILL_AMT4,43203.76,45614.43,44942.59,64241.22,78574.21,72574.08,0.0848,6981.12,0.0202,2181.12
BILL_AMT5,40237.82,53965.26,42693.54,60894.1,86881.49,74108.72,0.1713,14027.92,0.0291,2783.48
BILL_AMT6,38733.25,43194.14,40556.66,59578.43,74250.14,69644.12,0.0973,6386.26,0.0269,2586.48
PAY_AMT1,5668.51,1463.18,5264.09,16373.82,7960.85,21847.99,0.573,4205.33,0.0562,1287.92
PAY_AMT2,5913.55,3064.48,5804.96,20453.95,12677.16,25485.82,0.4617,2849.07,0.0569,1456.19
PAY_AMT3,5264.41,4194.97,5380.53,17877.46,13251.26,28739.75,0.3407,1159.69,0.0542,1955.23
PAY_AMT4,4832.35,5076.05,5148.03,15207.47,11106.32,25356.97,0.1825,1309.44,0.0395,1402.35
PAY_AMT5,4781.75,5942.61,4154.37,15089.39,14287.28,16743.08,0.1346,1692.32,0.0389,996.05
PAY_AMT6,5221.7,6992.42,4561.5,17590.67,25264.6,21407.92,0.2193,2193.85,0.0475,1292.12
default.payment.next.month,0.22,0.18,0.5,0.42,0.38,0.5,0.0414,0.04,0.2788,0.28
